First Name,Last Name,Age,Salary,Department
Aarav,Sharma,20,24000,IT
Priya,Patil,21,28000,IT
Rahul,Deshmukh,19,32000,Computer
Sneha,Kulkarni,22,27000,Electronics
Rohan,Joshi,20,30000,IT
Ananya,Shah,23,35000,Computer
Vivek,More,21,26000,Electronics
Neha,Pawar,19,29000,IT
Aditya,Jadhav,22,33000,Computer
Pooja,Shinde,20,25000,Electronics
Akash,Chavan,24,31000,IT
Isha,Kulkarni,21,36000,Computer
Kunal,Patil,23,27500,Electronics
Sakshi,Desai,20,34000,IT
Omkar,Gaikwad,22,30000,Computer
Riya,Joshi,19,26500,Electronics
Siddhant,More,24,38000,IT
Tanvi,Shah,21,29500,Computer
Yash,Pawar,20,32500,Electronics
Kavya,Jadhav,23,28000,IT
Nikhil,Shinde,22,37000,Computer
Meera,Chavan,20,25500,Electronics
Harsh,Desai,19,31500,IT
Anjali,Gaikwad,21,34500,Computer
Amit,Sharma,24,40000,Electronics
