Student Full Name,Age,Salary,Department
Aarav Sharma,20.0,25000.0,Computer Science
Priya Patil,21.0,28000.0,IT
Rahul Deshmukh,,32000.0,ECE
Sneha Kulkarni,19.0,,Mechanical
Rohan Joshi,22.0,30000.0,Civil
Ananya Shah,20.0,27000.0,Computer Science
Vivek More,21.0,35000.0,IT
Neha Pawar,,29000.0,ECE
Aditya Jadhav,23.0,,Mechanical
Pooja Shinde,19.0,26000.0,Civil
Akash Chavan,20.0,31000.0,Computer Science
Isha Kulkarni,21.0,34000.0,IT
Kunal Patil,22.0,28000.0,ECE
Sakshi Desai,20.0,36000.0,Mechanical
Omkar Gaikwad,19.0,30000.0,Civil
Riya Joshi,,27500.0,Computer Science
Siddhant More,21.0,33000.0,IT
Tanvi Shah,22.0,,ECE
Yash Pawar,20.0,29000.0,Mechanical
Kavya Jadhav,19.0,31000.0,Civil
Nikhil Shinde,23.0,37000.0,Computer Science
Meera Chavan,21.0,28500.0,IT
Harsh Desai,20.0,32000.0,ECE
Anjali Gaikwad,22.0,35000.0,Mechanical
Anjali Gaikwad,22.0,35000.0,Mechanical
